AGARTALA,AGARTALA,0
AGARTALA,AGRA,2566
AGARTALA,AHMEDABAD,3220
AGARTALA,ALLAHABAD,2083
AGARTALA,AMRITSAR,3126
AGARTALA,ASANSOL,2076
AGARTALA,BANGALORE,3277
AGARTALA,BARODA,3263
AGARTALA,BHOPAL,2697
AGARTALA,BHUBANESHWAR,2286
AGARTALA,BOMBAY,3421
AGARTALA,CALCUTTA,1863
AGARTALA,CALICUT,3413
AGARTALA,CHANDIGARH,2929
AGARTALA,COCHIN,3635
AGARTALA,COIMBATORE,3570
AGARTALA,DELHI,2681
AGARTALA,GWALIOR,2490
AGARTALA,HUBLI,3027
AGARTALA,HYDERABAD,3150
AGARTALA,IMPHAL,3215
AGARTALA,INDORE,2886
AGARTALA,JABALPUR,2417
AGARTALA,JAIPUR,2793
AGARTALA,JAMSHEDPUR,2131
AGARTALA,JULLUNDUR,3056
AGARTALA,KANPUR,2276
AGARTALA,KOLHAPUR,3091
AGARTALA,LUCKNOW,2247
AGARTALA,LUDHIANA,2991
AGARTALA,MADRAS,3328
AGARTALA,MADURAI,3493
AGARTALA,MEERUT,2615
AGARTALA,NAGPUR,2674
AGARTALA,NASIK,3238
AGARTALA,PANJIM,2837
AGARTALA,PATNA,1681
AGARTALA,PONDICHERRY,3160
AGARTALA,PUNE,3338
AGARTALA,RANCHI,1983
AGARTALA,SHILLONG,2700
AGARTALA,SHIMLA,2906
AGARTALA,SURAT,3423
AGARTALA,TRIVANDRUM,3629
AGARTALA,VARANASI,1961
AGARTALA,VIJAYAWADA,3061
AGARTALA,VISHAKAPATNAM,2731
AGRA,AGARTALA,2566
AGRA,AGRA,0
AGRA,AHMEDABAD,878
AGRA,ALLAHABAD,483
AGRA,AMRITSAR,645
AGRA,ASANSOL,1079
AGRA,BANGALORE,1681
AGRA,BARODA,970
AGRA,BHOPAL,782
AGRA,BHUBANESHWAR,1573
AGRA,BOMBAY,1180
AGRA,CALCUTTA,1300
AGRA,CALICUT,2056
AGRA,CHANDIGARH,448
AGRA,COCHIN,2064
AGRA,COIMBATORE,1970
AGRA,DELHI,200
AGRA,GWALIOR,515
AGRA,HUBLI,1290
AGRA,HYDERABAD,1246
AGRA,IMPHAL,2419
AGRA,INDORE,591
AGRA,JABALPUR,833
AGRA,JAIPUR,230
AGRA,JAMSHEDPUR,1157
AGRA,JULLUNDUR,575
AGRA,KANPUR,290
AGRA,KOLHAPUR,1461
AGRA,LUCKNOW,369
AGRA,LUDHIANA,510
AGRA,MADRAS,1728
AGRA,MADURAI,1893
AGRA,MEERUT,266
AGRA,NAGPUR,770
AGRA,NASIK,1005
AGRA,PANJIM,1480
AGRA,PATNA,885
AGRA,PONDICHERRY,1560
AGRA,PUNE,1214
AGRA,RANCHI,1013
AGRA,SHILLONG,1904
AGRA,SHIMLA,547
AGRA,SURAT,1141
AGRA,TRIVANDRUM,2150
AGRA,VARANASI,605
AGRA,VIJAYAWADA,1512
AGRA,VISHAKAPATNAM,1680
AHMEDABAD,AGARTALA,3220
AHMEDABAD,AGRA,878
AHMEDABAD,AHMEDABAD,0
AHMEDABAD,ALLAHABAD,1245
AHMEDABAD,AMRITSAR,1354
AHMEDABAD,ASANSOL,1719
AHMEDABAD,BANGALORE,1395
AHMEDABAD,BARODA,119
AHMEDABAD,BHOPAL,523
AHMEDABAD,BHUBANESHWAR,1647
AHMEDABAD,BOMBAY,552
AHMEDABAD,CALCUTTA,1493
AHMEDABAD,CALICUT,1648
AHMEDABAD,CHANDIGARH,1155
AHMEDABAD,COCHIN,1845
AHMEDABAD,COIMBATORE,1669
AHMEDABAD,DELHI,911
AHMEDABAD,GWALIOR,919
AHMEDABAD,HUBLI,1101
AHMEDABAD,HYDERABAD,1209
AHMEDABAD,IMPHAL,3073
AHMEDABAD,INDORE,442
AHMEDABAD,JABALPUR,901
AHMEDABAD,JAIPUR,648
AHMEDABAD,JAMSHEDPUR,1225
AHMEDABAD,JULLUNDUR,1285
AHMEDABAD,KANPUR,1108
AHMEDABAD,KOLHAPUR,911
AHMEDABAD,LUCKNOW,1187
AHMEDABAD,LUDHIANA,1218
AHMEDABAD,MADRAS,1726
AHMEDABAD,MADURAI,1827
AHMEDABAD,MEERUT,975
AHMEDABAD,NAGPUR,875
AHMEDABAD,NASIK,504
AHMEDABAD,PANJIM,1136
AHMEDABAD,PATNA,1539
AHMEDABAD,PONDICHERRY,1723
AHMEDABAD,PUNE,664
AHMEDABAD,RANCHI,1775
AHMEDABAD,SHILLONG,2518
AHMEDABAD,SHIMLA,1254
AHMEDABAD,SURAT,263
AHMEDABAD,TRIVANDRUM,1928
AHMEDABAD,VARANASI,1367
AHMEDABAD,VIJAYAWADA,1478
AHMEDABAD,VISHAKAPATNAM,1785
ALLAHABAD,AGARTALA,2083
ALLAHABAD,AGRA,483
ALLAHABAD,AHMEDABAD,1245
ALLAHABAD,ALLAHABAD,0
ALLAHABAD,AMRITSAR,1093
ALLAHABAD,ASANSOL,797
ALLAHABAD,BANGALORE,1405
ALLAHABAD,BARODA,1182
ALLAHABAD,BHOPAL,778
ALLAHABAD,BHUBANESHWAR,1090
ALLAHABAD,BOMBAY,1352
ALLAHABAD,CALCUTTA,817
ALLAHABAD,CALICUT,1643
ALLAHABAD,CHANDIGARH,854
ALLAHABAD,COCHIN,1607
ALLAHABAD,COIMBATORE,1487
ALLAHABAD,DELHI,650
ALLAHABAD,GWALIOR,473
ALLAHABAD,HUBLI,1570
ALLAHABAD,HYDERABAD,1084
ALLAHABAD,IMPHAL,1936
ALLAHABAD,INDORE,803
ALLAHABAD,JABALPUR,736
ALLAHABAD,JAIPUR,710
ALLAHABAD,JAMSHEDPUR,875
ALLAHABAD,JULLUNDUR,1008
ALLAHABAD,KANPUR,193
ALLAHABAD,KOLHAPUR,1611
ALLAHABAD,LUCKNOW,234
ALLAHABAD,LUDHIANA,959
ALLAHABAD,MADRAS,1245
ALLAHABAD,MADURAI,1410
ALLAHABAD,MEERUT,687
ALLAHABAD,NAGPUR,608
ALLAHABAD,NASIK,1155
ALLAHABAD,PANJIM,1419
ALLAHABAD,PATNA,402
ALLAHABAD,PONDICHERRY,1077
ALLAHABAD,PUNE,1364
ALLAHABAD,RANCHI,704
ALLAHABAD,SHILLONG,1421
ALLAHABAD,SHIMLA,893
ALLAHABAD,SURAT,1357
ALLAHABAD,TRIVANDRUM,1699
ALLAHABAD,VARANASI,508
ALLAHABAD,VIJAYAWADA,1350
ALLAHABAD,VISHAKAPATNAM,1518
AMRITSAR,AGARTALA,3126
AMRITSAR,AGRA,645
AMRITSAR,AHMEDABAD,1354
AMRITSAR,ALLAHABAD,1093
AMRITSAR,AMRITSAR,0
AMRITSAR,ASANSOL,1689
AMRITSAR,BANGALORE,2157
AMRITSAR,BARODA,1420
AMRITSAR,BHOPAL,1187
AMRITSAR,BHUBANESHWAR,2158
AMRITSAR,BOMBAY,1700
AMRITSAR,CALCUTTA,1885
AMRITSAR,CALICUT,2426
AMRITSAR,CHANDIGARH,239
AMRITSAR,COCHIN,2204
AMRITSAR,COIMBATORE,2399
AMRITSAR,DELHI,445
AMRITSAR,GWALIOR,701
AMRITSAR,HUBLI,1766
AMRITSAR,HYDERABAD,1833
AMRITSAR,IMPHAL,2979
AMRITSAR,INDORE,1111
AMRITSAR,JABALPUR,1245
AMRITSAR,JAIPUR,706
AMRITSAR,JAMSHEDPUR,1767
AMRITSAR,JULLUNDUR,393
AMRITSAR,KANPUR,900
AMRITSAR,KOLHAPUR,1981
AMRITSAR,LUCKNOW,939
AMRITSAR,LUDHIANA,344
AMRITSAR,MADRAS,2338
AMRITSAR,MADURAI,2503
AMRITSAR,MEERUT,511
AMRITSAR,NAGPUR,1357
AMRITSAR,NASIK,1525
AMRITSAR,PANJIM,1956
AMRITSAR,PATNA,1445
AMRITSAR,PONDICHERRY,2170
AMRITSAR,PUNE,1734
AMRITSAR,RANCHI,1623
AMRITSAR,SHILLONG,2464
AMRITSAR,SHIMLA,338
AMRITSAR,SURAT,1564
AMRITSAR,TRIVANDRUM,2395
AMRITSAR,VARANASI,1190
AMRITSAR,VIJAYAWADA,2099
AMRITSAR,VISHAKAPATNAM,2267
ASANSOL,AGARTALA,2076
ASANSOL,AGRA,1079
ASANSOL,AHMEDABAD,1719
ASANSOL,ALLAHABAD,797
ASANSOL,AMRITSAR,1689
ASANSOL,ASANSOL,0
ASANSOL,BANGALORE,1640
ASANSOL,BARODA,1773
ASANSOL,BHOPAL,1374
ASANSOL,BHUBANESHWAR,523
ASANSOL,BOMBAY,1784
ASANSOL,CALCUTTA,226
ASANSOL,CALICUT,1776
ASANSOL,CHANDIGARH,1450
ASANSOL,COCHIN,1998
ASANSOL,COIMBATORE,1973
ASANSOL,DELHI,1262
ASANSOL,GWALIOR,1069
ASANSOL,HUBLI,1390
ASANSOL,HYDERABAD,1567
ASANSOL,IMPHAL,1929
ASANSOL,INDORE,1394
ASANSOL,JABALPUR,1131
ASANSOL,JAIPUR,1304
ASANSOL,JAMSHEDPUR,494
ASANSOL,JULLUNDUR,1604
ASANSOL,KANPUR,789
ASANSOL,KOLHAPUR,1454
ASANSOL,LUCKNOW,825
ASANSOL,LUDHIANA,1555
ASANSOL,MADRAS,1730
ASANSOL,MADURAI,2072
ASANSOL,MEERUT,1278
ASANSOL,NAGPUR,1122
ASANSOL,NASIK,1746
ASANSOL,PANJIM,1200
ASANSOL,PATNA,395
ASANSOL,PONDICHERRY,1874
ASANSOL,PUNE,1701
ASANSOL,RANCHI,640
ASANSOL,SHILLONG,1414
ASANSOL,SHIMLA,1484
ASANSOL,SURAT,1871
ASANSOL,TRIVANDRUM,1992
ASANSOL,VARANASI,675
ASANSOL,VIJAYAWADA,1298
ASANSOL,VISHAKAPATNAM,968
BANGALORE,AGARTALA,3277
BANGALORE,AGRA,1681
BANGALORE,AHMEDABAD,1395
BANGALORE,ALLAHABAD,1405
BANGALORE,AMRITSAR,2157
BANGALORE,ASANSOL,1640
BANGALORE,BANGALORE,0
BANGALORE,BARODA,1276
BANGALORE,BHOPAL,1148
BANGALORE,BHUBANESHWAR,1412
BANGALORE,BOMBAY,910
BANGALORE,CALCUTTA,1414
BANGALORE,CALICUT,520
BANGALORE,CHANDIGARH,1958
BANGALORE,COCHIN,512
BANGALORE,COIMBATORE,333
BANGALORE,DELHI,1714
BANGALORE,GWALIOR,1695
BANGALORE,HUBLI,391
BANGALORE,HYDERABAD,563
BANGALORE,IMPHAL,3131
BANGALORE,INDORE,1339
BANGALORE,JABALPUR,1296
BANGALORE,JAIPUR,1451
BANGALORE,JAMSHEDPUR,1682
BANGALORE,JULLUNDUR,2089
BANGALORE,KANPUR,1598
BANGALORE,KOLHAPUR,484
BANGALORE,LUCKNOW,1639
BANGALORE,LUDHIANA,2021
BANGALORE,MADRAS,331
BANGALORE,MADURAI,432
BANGALORE,MEERUT,1778
BANGALORE,NAGPUR,1039
BANGALORE,NASIK,940
BANGALORE,PANJIM,440
BANGALORE,PATNA,1807
BANGALORE,PONDICHERRY,328
BANGALORE,PUNE,731
BANGALORE,RANCHI,1828
BANGALORE,SHILLONG,1872
BANGALORE,SHIMLA,2057
BANGALORE,SURAT,1143
BANGALORE,TRIVANDRUM,696
BANGALORE,VARANASI,1752
BANGALORE,VIJAYAWADA,637
BANGALORE,VISHAKAPATNAM,1093
BARODA,AGARTALA,3263
BARODA,AGRA,970
BARODA,AHMEDABAD,119
BARODA,ALLAHABAD,1182
BARODA,AMRITSAR,1420
BARODA,ASANSOL,1773
BARODA,BANGALORE,1276
BARODA,BARODA,0
BARODA,BHOPAL,570
BARODA,BHUBANESHWAR,1604
BARODA,BOMBAY,433
BARODA,CALCUTTA,1612
BARODA,CALICUT,1529
BARODA,CHANDIGARH,1181
BARODA,COCHIN,1726
BARODA,COIMBATORE,1550
BARODA,DELHI,1030
BARODA,GWALIOR,876
BARODA,HUBLI,982
BARODA,HYDERABAD,1090
BARODA,IMPHAL,3116
BARODA,INDORE,379
BARODA,JABALPUR,1020
BARODA,JAIPUR,767
BARODA,JAMSHEDPUR,1344
BARODA,JULLUNDUR,1335
BARODA,KANPUR,1068
BARODA,KOLHAPUR,792
BARODA,LUCKNOW,1147
BARODA,LUDHIANA,1286
BARODA,MADRAS,1607
BARODA,MADURAI,1708
BARODA,MEERUT,1094
BARODA,NAGPUR,774
BARODA,NASIK,457
BARODA,PANJIM,1017
BARODA,PATNA,1582
BARODA,PONDICHERRY,1604
BARODA,PUNE,545
BARODA,RANCHI,1712
BARODA,SHILLONG,2399
BARODA,SHIMLA,1280
BARODA,SURAT,382
BARODA,TRIVANDRUM,1809
BARODA,VARANASI,1304
BARODA,VIJAYAWADA,1359
BARODA,VISHAKAPATNAM,1684
BHOPAL,AGARTALA,2697
BHOPAL,AGRA,782
BHOPAL,AHMEDABAD,523
BHOPAL,ALLAHABAD,778
BHOPAL,AMRITSAR,1187
BHOPAL,ASANSOL,1374
BHOPAL,BANGALORE,1148
BHOPAL,BARODA,570
BHOPAL,BHOPAL,0
BHOPAL,BHUBANESHWAR,1162
BHOPAL,BOMBAY,778
BHOPAL,CALCUTTA,1495
BHOPAL,CALICUT,1668
BHOPAL,CHANDIGARH,988
BHOPAL,COCHIN,1660
BHOPAL,COIMBATORE,1481
BHOPAL,DELHI,742
BHOPAL,GWALIOR,688
BHOPAL,HUBLI,1251
BHOPAL,HYDERABAD,808
BHOPAL,IMPHAL,2550
BHOPAL,INDORE,191
BHOPAL,JABALPUR,609
BHOPAL,JAIPUR,596
BHOPAL,JAMSHEDPUR,1452
BHOPAL,JULLUNDUR,1117
BHOPAL,KANPUR,585
BHOPAL,KOLHAPUR,1061
BHOPAL,LUCKNOW,664
BHOPAL,LUDHIANA,1052
BHOPAL,MADRAS,1479
BHOPAL,MADURAI,1580
BHOPAL,MEERUT,808
BHOPAL,NAGPUR,352
BHOPAL,NASIK,605
BHOPAL,PANJIM,1143
BHOPAL,PATNA,1016
BHOPAL,PONDICHERRY,1476
BHOPAL,PUNE,814
BHOPAL,RANCHI,1308
BHOPAL,SHILLONG,2035
BHOPAL,SHIMLA,1087
BHOPAL,SURAT,786
BHOPAL,TRIVANDRUM,1844
BHOPAL,VARANASI,900
BHOPAL,VIJAYAWADA,1077
BHOPAL,VISHAKAPATNAM,1262
BHUBANESHWAR,AGARTALA,2286
BHUBANESHWAR,AGRA,1573
BHUBANESHWAR,AHMEDABAD,1647
BHUBANESHWAR,ALLAHABAD,1090
BHUBANESHWAR,AMRITSAR,2158
BHUBANESHWAR,ASANSOL,523
BHUBANESHWAR,BANGALORE,1412
BHUBANESHWAR,BARODA,1604
BHUBANESHWAR,BHOPAL,1162
BHUBANESHWAR,BHUBANESHWAR,0
BHUBANESHWAR,BOMBAY,1678
BHUBANESHWAR,CALCUTTA,423
BHUBANESHWAR,CALICUT,1922
BHUBANESHWAR,CHANDIGARH,1944
BHUBANESHWAR,COCHIN,1828
BHUBANESHWAR,COIMBATORE,1633
BHUBANESHWAR,DELHI,1713
BHUBANESHWAR,GWALIOR,1486
BHUBANESHWAR,HUBLI,1530
BHUBANESHWAR,HYDERABAD,1044
BHUBANESHWAR,IMPHAL,2139
BHUBANESHWAR,INDORE,1275
BHUBANESHWAR,JABALPUR,1087
BHUBANESHWAR,JAIPUR,1680
BHUBANESHWAR,JAMSHEDPUR,422
BHUBANESHWAR,JULLUNDUR,2088
BHUBANESHWAR,KANPUR,1283
BHUBANESHWAR,KOLHAPUR,1622
BHUBANESHWAR,LUCKNOW,1254
BHUBANESHWAR,LUDHIANA,2023
BHUBANESHWAR,MADRAS,1207
BHUBANESHWAR,MADURAI,1687
BHUBANESHWAR,MEERUT,1707
BHUBANESHWAR,NAGPUR,830
BHUBANESHWAR,NASIK,1516
BHUBANESHWAR,PANJIM,1397
BHUBANESHWAR,PATNA,862
BHUBANESHWAR,PONDICHERRY,1373
BHUBANESHWAR,PUNE,1587
BHUBANESHWAR,RANCHI,560
BHUBANESHWAR,SHILLONG,1640
BHUBANESHWAR,SHIMLA,1913
BHUBANESHWAR,SURAT,1579
BHUBANESHWAR,TRIVANDRUM,1953
BHUBANESHWAR,VARANASI,968
BHUBANESHWAR,VIJAYAWADA,775
BHUBANESHWAR,VISHAKAPATNAM,445
BOMBAY,AGARTALA,3421
BOMBAY,AGRA,1180
BOMBAY,AHMEDABAD,552
BOMBAY,ALLAHABAD,1352
BOMBAY,AMRITSAR,1700
BOMBAY,ASANSOL,1784
BOMBAY,BANGALORE,910
BOMBAY,BARODA,433
BOMBAY,BHOPAL,778
BOMBAY,BHUBANESHWAR,1678
BOMBAY,BOMBAY,0
BOMBAY,CALCUTTA,1558
BOMBAY,CALICUT,1160
BOMBAY,CHANDIGARH,1501
BOMBAY,COCHIN,1360
BOMBAY,COIMBATORE,1189
BOMBAY,DELHI,1257
BOMBAY,GWALIOR,1085
BOMBAY,HUBLI,614
BOMBAY,HYDERABAD,729
BOMBAY,IMPHAL,3275
BOMBAY,INDORE,589
BOMBAY,JABALPUR,1106
BOMBAY,JAIPUR,994
BOMBAY,JAMSHEDPUR,1777
BOMBAY,JULLUNDUR,1632
BOMBAY,KANPUR,1278
BOMBAY,KOLHAPUR,426
BOMBAY,LUCKNOW,1357
BOMBAY,LUDHIANA,1564
BOMBAY,MADRAS,1241
BOMBAY,MADURAI,1342
BOMBAY,MEERUT,1321
BOMBAY,NAGPUR,849
BOMBAY,NASIK,197
BOMBAY,PANJIM,584
BOMBAY,PATNA,1754
BOMBAY,PONDICHERRY,1238
BOMBAY,PUNE,184
BOMBAY,RANCHI,1807
BOMBAY,SHILLONG,2038
BOMBAY,SHIMLA,1600
BOMBAY,SURAT,301
BOMBAY,TRIVANDRUM,1376
BOMBAY,VARANASI,1514
BOMBAY,VIJAYAWADA,973
BOMBAY,VISHAKAPATNAM,1328
CALCUTTA,AGARTALA,1863
CALCUTTA,AGRA,1300
CALCUTTA,AHMEDABAD,1493
CALCUTTA,ALLAHABAD,817
CALCUTTA,AMRITSAR,1885
CALCUTTA,ASANSOL,226
CALCUTTA,BANGALORE,1414
CALCUTTA,BARODA,1612
CALCUTTA,BHOPAL,1495
CALCUTTA,BHUBANESHWAR,423
CALCUTTA,BOMBAY,1558
CALCUTTA,CALCUTTA,0
CALCUTTA,CALICUT,1550
CALCUTTA,CHANDIGARH,1671
CALCUTTA,COCHIN,1772
CALCUTTA,COIMBATORE,1747
CALCUTTA,DELHI,1440
CALCUTTA,GWALIOR,1224
CALCUTTA,HUBLI,1164
CALCUTTA,HYDERABAD,1467
CALCUTTA,IMPHAL,1717
CALCUTTA,INDORE,1608
CALCUTTA,JABALPUR,1167
CALCUTTA,JAIPUR,1527
CALCUTTA,JAMSHEDPUR,268
CALCUTTA,JULLUNDUR,1815
CALCUTTA,KANPUR,1010
CALCUTTA,KOLHAPUR,1228
CALCUTTA,LUCKNOW,981
CALCUTTA,LUDHIANA,1750
CALCUTTA,MADRAS,1630
CALCUTTA,MADURAI,1846
CALCUTTA,MEERUT,1434
CALCUTTA,NAGPUR,1163
CALCUTTA,NASIK,1675
CALCUTTA,PANJIM,974
CALCUTTA,PATNA,621
CALCUTTA,PONDICHERRY,1713
CALCUTTA,PUNE,1475
CALCUTTA,RANCHI,414
CALCUTTA,SHILLONG,1281
CALCUTTA,SHIMLA,1640
CALCUTTA,SURAT,1756
CALCUTTA,TRIVANDRUM,1766
CALCUTTA,VARANASI,695
CALCUTTA,VIJAYAWADA,1198
CALCUTTA,VISHAKAPATNAM,868
CALICUT,AGARTALA,3413
CALICUT,AGRA,2056
CALICUT,AHMEDABAD,1648
CALICUT,ALLAHABAD,1643
CALICUT,AMRITSAR,2426
CALICUT,ASANSOL,1776
CALICUT,BANGALORE,520
CALICUT,BARODA,1529
CALICUT,BHOPAL,1668
CALICUT,BHUBANESHWAR,1922
CALICUT,BOMBAY,1160
CALICUT,CALCUTTA,1550
CALICUT,CALICUT,0
CALICUT,CHANDIGARH,2187
CALICUT,COCHIN,222
CALICUT,COIMBATORE,417
CALICUT,DELHI,2089
CALICUT,GWALIOR,2042
CALICUT,HUBLI,766
CALICUT,HYDERABAD,910
CALICUT,IMPHAL,3267
CALICUT,INDORE,1607
CALICUT,JABALPUR,1643
CALICUT,JAIPUR,1826
CALICUT,JAMSHEDPUR,1818
CALICUT,JULLUNDUR,2341
CALICUT,KANPUR,1836
CALICUT,KOLHAPUR,830
CALICUT,LUCKNOW,1877
CALICUT,LUDHIANA,2292
CALICUT,MADRAS,715
CALICUT,MADURAI,548
CALICUT,MEERUT,2153
CALICUT,NAGPUR,1386
CALICUT,NASIK,1193
CALICUT,PANJIM,576
CALICUT,PATNA,2045
CALICUT,PONDICHERRY,566
CALICUT,PUNE,984
CALICUT,RANCHI,1964
CALICUT,SHILLONG,2219
CALICUT,SHIMLA,2286
CALICUT,SURAT,1396
CALICUT,TRIVANDRUM,440
CALICUT,VARANASI,2099
CALICUT,VIJAYAWADA,1147
CALICUT,VISHAKAPATNAM,1477
CHANDIGARH,AGARTALA,2929
CHANDIGARH,AGRA,448
CHANDIGARH,AHMEDABAD,1155
CHANDIGARH,ALLAHABAD,854
CHANDIGARH,AMRITSAR,239
CHANDIGARH,ASANSOL,1450
CHANDIGARH,BANGALORE,1958
CHANDIGARH,BARODA,1181
CHANDIGARH,BHOPAL,988
CHANDIGARH,BHUBANESHWAR,1944
CHANDIGARH,BOMBAY,1501
CHANDIGARH,CALCUTTA,1671
CHANDIGARH,CALICUT,2187
CHANDIGARH,CHANDIGARH,0
CHANDIGARH,COCHIN,1965
CHANDIGARH,COIMBATORE,2160
CHANDIGARH,DELHI,248
CHANDIGARH,GWALIOR,462
CHANDIGARH,HUBLI,1567
CHANDIGARH,HYDERABAD,1594
CHANDIGARH,IMPHAL,2782
CHANDIGARH,INDORE,912
CHANDIGARH,JABALPUR,1046
CHANDIGARH,JAIPUR,507
CHANDIGARH,JAMSHEDPUR,1528
CHANDIGARH,JULLUNDUR,154
CHANDIGARH,KANPUR,661
CHANDIGARH,KOLHAPUR,1782
CHANDIGARH,LUCKNOW,740
CHANDIGARH,LUDHIANA,105
CHANDIGARH,MADRAS,2099
CHANDIGARH,MADURAI,2264
CHANDIGARH,MEERUT,314
CHANDIGARH,NAGPUR,1118
CHANDIGARH,NASIK,1326
CHANDIGARH,PANJIM,1757
CHANDIGARH,PATNA,1248
CHANDIGARH,PONDICHERRY,1931
CHANDIGARH,PUNE,1535
CHANDIGARH,RANCHI,1384
CHANDIGARH,SHILLONG,2267
CHANDIGARH,SHIMLA,99
CHANDIGARH,SURAT,1325
CHANDIGARH,TRIVANDRUM,2183
CHANDIGARH,VARANASI,976
CHANDIGARH,VIJAYAWADA,1860
CHANDIGARH,VISHAKAPATNAM,2028
COCHIN,AGARTALA,3635
COCHIN,AGRA,2064
COCHIN,AHMEDABAD,1845
COCHIN,ALLAHABAD,1607
COCHIN,AMRITSAR,2204
COCHIN,ASANSOL,1998
COCHIN,BANGALORE,512
COCHIN,BARODA,1726
COCHIN,BHOPAL,1660
COCHIN,BHUBANESHWAR,1828
COCHIN,BOMBAY,1360
COCHIN,CALCUTTA,1772
COCHIN,CALICUT,222
COCHIN,CHANDIGARH,1965
COCHIN,COCHIN,0
COCHIN,COIMBATORE,195
COCHIN,DELHI,2097
COCHIN,GWALIOR,1881
COCHIN,HUBLI,774
COCHIN,HYDERABAD,1075
COCHIN,IMPHAL,3489
COCHIN,INDORE,1804
COCHIN,JABALPUR,1808
COCHIN,JAIPUR,1834
COCHIN,JAMSHEDPUR,2040
COCHIN,JULLUNDUR,2119
COCHIN,KANPUR,1800
COCHIN,KOLHAPUR,934
COCHIN,LUCKNOW,1841
COCHIN,LUDHIANA,2070
COCHIN,MADRAS,621
COCHIN,MADURAI,326
COCHIN,MEERUT,2161
COCHIN,NAGPUR,1551
COCHIN,NASIK,1390
COCHIN,PANJIM,798
COCHIN,PATNA,2009
COCHIN,PONDICHERRY,530
COCHIN,PUNE,1181
COCHIN,RANCHI,2186
COCHIN,SHILLONG,2384
COCHIN,SHIMLA,2064
COCHIN,SURAT,1593
COCHIN,TRIVANDRUM,218
COCHIN,VARANASI,2115
COCHIN,VIJAYAWADA,1053
COCHIN,VISHAKAPATNAM,1383
COIMBATORE,AGARTALA,3570
COIMBATORE,AGRA,1970
COIMBATORE,AHMEDABAD,1669
COIMBATORE,ALLAHABAD,1487
COIMBATORE,AMRITSAR,2399
COIMBATORE,ASANSOL,1973
COIMBATORE,BANGALORE,333
COIMBATORE,BARODA,1550
COIMBATORE,BHOPAL,1481
COIMBATORE,BHUBANESHWAR,1633
COIMBATORE,BOMBAY,1189
COIMBATORE,CALCUTTA,1747
COIMBATORE,CALICUT,417
COIMBATORE,CHANDIGARH,2160
COIMBATORE,COCHIN,195
COIMBATORE,COIMBATORE,0
COIMBATORE,DELHI,2047
COIMBATORE,GWALIOR,1960
COIMBATORE,HUBLI,724
COIMBATORE,HYDERABAD,896
COIMBATORE,IMPHAL,3423
COIMBATORE,INDORE,1628
COIMBATORE,JABALPUR,1629
COIMBATORE,JAIPUR,1784
COIMBATORE,JAMSHEDPUR,2015
COIMBATORE,JULLUNDUR,2314
COIMBATORE,KANPUR,1680
COIMBATORE,KOLHAPUR,817
COIMBATORE,LUCKNOW,1721
COIMBATORE,LUDHIANA,2265
COIMBATORE,MADRAS,426
COIMBATORE,MADURAI,521
COIMBATORE,MEERUT,2111
COIMBATORE,NAGPUR,1372
COIMBATORE,NASIK,1214
COIMBATORE,PANJIM,773
COIMBATORE,PATNA,1889
COIMBATORE,PONDICHERRY,410
COIMBATORE,PUNE,1005
COIMBATORE,RANCHI,2161
COIMBATORE,SHILLONG,2205
COIMBATORE,SHIMLA,2259
COIMBATORE,SURAT,1417
COIMBATORE,TRIVANDRUM,413
COIMBATORE,VARANASI,1995
COIMBATORE,VIJAYAWADA,858
COIMBATORE,VISHAKAPATNAM,1188
DELHI,AGARTALA,2681
DELHI,AGRA,200
DELHI,AHMEDABAD,911
DELHI,ALLAHABAD,650
DELHI,AMRITSAR,445
DELHI,ASANSOL,1262
DELHI,BANGALORE,1714
DELHI,BARODA,1030
DELHI,BHOPAL,742
DELHI,BHUBANESHWAR,1713
DELHI,BOMBAY,1257
DELHI,CALCUTTA,1440
DELHI,CALICUT,2089
DELHI,CHANDIGARH,248
DELHI,COCHIN,2097
DELHI,COIMBATORE,2047
DELHI,DELHI,0
DELHI,GWALIOR,315
DELHI,HUBLI,1323
DELHI,HYDERABAD,1446
DELHI,IMPHAL,2534
DELHI,INDORE,668
DELHI,JABALPUR,800
DELHI,JAIPUR,263
DELHI,JAMSHEDPUR,1348
DELHI,JULLUNDUR,375
DELHI,KANPUR,481
DELHI,KOLHAPUR,1538
DELHI,LUCKNOW,499
DELHI,LUDHIANA,310
DELHI,MADRAS,1895
DELHI,MADURAI,2060
DELHI,MEERUT,66
DELHI,NAGPUR,970
DELHI,NASIK,1082
DELHI,PANJIM,1513
DELHI,PATNA,1000
DELHI,PONDICHERRY,1727
DELHI,PUNE,1291
DELHI,RANCHI,1204
DELHI,SHILLONG,2019
DELHI,SHIMLA,347
DELHI,SURAT,1174
DELHI,TRIVANDRUM,1950
DELHI,VARANASI,745
DELHI,VIJAYAWADA,1712
DELHI,VISHAKAPATNAM,1880
GWALIOR,AGARTALA,2490
GWALIOR,AGRA,515
GWALIOR,AHMEDABAD,919
GWALIOR,ALLAHABAD,473
GWALIOR,AMRITSAR,701
GWALIOR,ASANSOL,1069
GWALIOR,BANGALORE,1695
GWALIOR,BARODA,876
GWALIOR,BHOPAL,688
GWALIOR,BHUBANESHWAR,1486
GWALIOR,BOMBAY,1085
GWALIOR,CALCUTTA,1224
GWALIOR,CALICUT,2042
GWALIOR,CHANDIGARH,462
GWALIOR,COCHIN,1881
GWALIOR,COIMBATORE,1960
GWALIOR,DELHI,315
GWALIOR,GWALIOR,0
GWALIOR,HUBLI,1411
GWALIOR,HYDERABAD,1132
GWALIOR,IMPHAL,2343
GWALIOR,INDORE,497
GWALIOR,JABALPUR,823
GWALIOR,JAIPUR,351
GWALIOR,JAMSHEDPUR,1147
GWALIOR,JULLUNDUR,616
GWALIOR,KANPUR,280
GWALIOR,KOLHAPUR,1347
GWALIOR,LUCKNOW,359
GWALIOR,LUDHIANA,567
GWALIOR,MADRAS,1718
GWALIOR,MADURAI,1883
GWALIOR,MEERUT,381
GWALIOR,NAGPUR,656
GWALIOR,NASIK,891
GWALIOR,PANJIM,1467
GWALIOR,PATNA,809
GWALIOR,PONDICHERRY,1550
GWALIOR,PUNE,1100
GWALIOR,RANCHI,1003
GWALIOR,SHILLONG,1828
GWALIOR,SHIMLA,561
GWALIOR,SURAT,1104
GWALIOR,TRIVANDRUM,2099
GWALIOR,VARANASI,595
GWALIOR,VIJAYAWADA,1398
GWALIOR,VISHAKAPATNAM,1566
HUBLI,AGARTALA,3027
HUBLI,AGRA,1290
HUBLI,AHMEDABAD,1101
HUBLI,ALLAHABAD,1570
HUBLI,AMRITSAR,1766
HUBLI,ASANSOL,1390
HUBLI,BANGALORE,391
HUBLI,BARODA,982
HUBLI,BHOPAL,1251
HUBLI,BHUBANESHWAR,1530
HUBLI,BOMBAY,614
HUBLI,CALCUTTA,1164
HUBLI,CALICUT,766
HUBLI,CHANDIGARH,1567
HUBLI,COCHIN,774
HUBLI,COIMBATORE,724
HUBLI,DELHI,1323
HUBLI,GWALIOR,1411
HUBLI,HUBLI,0
HUBLI,HYDERABAD,486
HUBLI,IMPHAL,2881
HUBLI,INDORE,1060
HUBLI,JABALPUR,1219
HUBLI,JAIPUR,1060
HUBLI,JAMSHEDPUR,1432
HUBLI,JULLUNDUR,1698
HUBLI,KANPUR,1577
HUBLI,KOLHAPUR,444
HUBLI,LUCKNOW,1656
HUBLI,LUDHIANA,1630
HUBLI,MADRAS,683
HUBLI,MADURAI,823
HUBLI,MEERUT,1387
HUBLI,NAGPUR,962
HUBLI,NASIK,646
HUBLI,PANJIM,190
HUBLI,PATNA,1785
HUBLI,PONDICHERRY,653
HUBLI,PUNE,437
HUBLI,RANCHI,1578
HUBLI,SHILLONG,1795
HUBLI,SHIMLA,1666
HUBLI,SURAT,849
HUBLI,TRIVANDRUM,982
HUBLI,VARANASI,1675
HUBLI,VIJAYAWADA,755
HUBLI,VISHAKAPATNAM,1085
HYDERABAD,AGARTALA,3150
HYDERABAD,AGRA,1246
HYDERABAD,AHMEDABAD,1209
HYDERABAD,ALLAHABAD,1084
HYDERABAD,AMRITSAR,1833
HYDERABAD,ASANSOL,1567
HYDERABAD,BANGALORE,563
HYDERABAD,BARODA,1090
HYDERABAD,BHOPAL,808
HYDERABAD,BHUBANESHWAR,1044
HYDERABAD,BOMBAY,729
HYDERABAD,CALCUTTA,1467
HYDERABAD,CALICUT,910
HYDERABAD,CHANDIGARH,1594
HYDERABAD,COCHIN,1075
HYDERABAD,COIMBATORE,896
HYDERABAD,DELHI,1446
HYDERABAD,GWALIOR,1132
HYDERABAD,HUBLI,486
HYDERABAD,HYDERABAD,0
HYDERABAD,IMPHAL,3003
HYDERABAD,INDORE,921
HYDERABAD,JABALPUR,733
HYDERABAD,JAIPUR,1326
HYDERABAD,JAMSHEDPUR,1466
HYDERABAD,JULLUNDUR,1748
HYDERABAD,KANPUR,1253
HYDERABAD,KOLHAPUR,578
HYDERABAD,LUCKNOW,1317
HYDERABAD,LUDHIANA,1699
HYDERABAD,MADRAS,699
HYDERABAD,MADURAI,995
HYDERABAD,MEERUT,1470
HYDERABAD,NAGPUR,476
HYDERABAD,NASIK,754
HYDERABAD,PANJIM,676
HYDERABAD,PATNA,1469
HYDERABAD,PONDICHERRY,867
HYDERABAD,PUNE,545
HYDERABAD,RANCHI,1434
HYDERABAD,SHILLONG,1309
HYDERABAD,SHIMLA,1693
HYDERABAD,SURAT,957
HYDERABAD,TRIVANDRUM,1259
HYDERABAD,VARANASI,1189
HYDERABAD,VIJAYAWADA,269
HYDERABAD,VISHAKAPATNAM,599
IMPHAL,AGARTALA,3215
IMPHAL,AGRA,2419
IMPHAL,AHMEDABAD,3073
IMPHAL,ALLAHABAD,1936
IMPHAL,AMRITSAR,2979
IMPHAL,ASANSOL,1929
IMPHAL,BANGALORE,3131
IMPHAL,BARODA,3116
IMPHAL,BHOPAL,2550
IMPHAL,BHUBANESHWAR,2139
IMPHAL,BOMBAY,3275
IMPHAL,CALCUTTA,1717
IMPHAL,CALICUT,3267
IMPHAL,CHANDIGARH,2782
IMPHAL,COCHIN,3489
IMPHAL,COIMBATORE,3423
IMPHAL,DELHI,2534
IMPHAL,GWALIOR,2343
IMPHAL,HUBLI,2881
IMPHAL,HYDERABAD,3003
IMPHAL,IMPHAL,0
IMPHAL,INDORE,2739
IMPHAL,JABALPUR,2270
IMPHAL,JAIPUR,2646
IMPHAL,JAMSHEDPUR,1985
IMPHAL,JULLUNDUR,2909
IMPHAL,KANPUR,2129
IMPHAL,KOLHAPUR,2945
IMPHAL,LUCKNOW,2100
IMPHAL,LUDHIANA,2844
IMPHAL,MADRAS,3181
IMPHAL,MADURAI,3346
IMPHAL,MEERUT,2468
IMPHAL,NAGPUR,2527
IMPHAL,NASIK,3091
IMPHAL,PANJIM,2691
IMPHAL,PATNA,1534
IMPHAL,PONDICHERRY,3013
IMPHAL,PUNE,3192
IMPHAL,RANCHI,1836
IMPHAL,SHILLONG,2553
IMPHAL,SHIMLA,2759
IMPHAL,SURAT,3276
IMPHAL,TRIVANDRUM,3483
IMPHAL,VARANASI,1814
IMPHAL,VIJAYAWADA,2914
IMPHAL,VISHAKAPATNAM,2584
INDORE,AGARTALA,2886
INDORE,AGRA,591
INDORE,AHMEDABAD,442
INDORE,ALLAHABAD,803
INDORE,AMRITSAR,1111
INDORE,ASANSOL,1394
INDORE,BANGALORE,1339
INDORE,BARODA,379
INDORE,BHOPAL,191
INDORE,BHUBANESHWAR,1275
INDORE,BOMBAY,589
INDORE,CALCUTTA,1608
INDORE,CALICUT,1607
INDORE,CHANDIGARH,912
INDORE,COCHIN,1804
INDORE,COIMBATORE,1628
INDORE,DELHI,668
INDORE,GWALIOR,497
INDORE,HUBLI,1060
INDORE,HYDERABAD,921
INDORE,IMPHAL,2739
INDORE,INDORE,0
INDORE,JABALPUR,702
INDORE,JAIPUR,405
INDORE,JAMSHEDPUR,1477
INDORE,JULLUNDUR,1043
INDORE,KANPUR,689
INDORE,KOLHAPUR,870
INDORE,LUCKNOW,768
INDORE,LUDHIANA,975
INDORE,MADRAS,1619
INDORE,MADURAI,1771
INDORE,MEERUT,732
INDORE,NAGPUR,445
INDORE,NASIK,414
INDORE,PANJIM,1115
INDORE,PATNA,1205
INDORE,PONDICHERRY,1667
INDORE,PUNE,623
INDORE,RANCHI,1333
INDORE,SHILLONG,2224
INDORE,SHIMLA,1011
INDORE,SURAT,607
INDORE,TRIVANDRUM,1907
INDORE,VARANASI,925
INDORE,VIJAYAWADA,1187
INDORE,VISHAKAPATNAM,1355
JABALPUR,AGARTALA,2417
JABALPUR,AGRA,833
JABALPUR,AHMEDABAD,901
JABALPUR,ALLAHABAD,736
JABALPUR,AMRITSAR,1245
JABALPUR,ASANSOL,1131
JABALPUR,BANGALORE,1296
JABALPUR,BARODA,1020
JABALPUR,BHOPAL,609
JABALPUR,BHUBANESHWAR,1087
JABALPUR,BOMBAY,1106
JABALPUR,CALCUTTA,1167
JABALPUR,CALICUT,1643
JABALPUR,CHANDIGARH,1046
JABALPUR,COCHIN,1808
JABALPUR,COIMBATORE,1629
JABALPUR,DELHI,800
JABALPUR,GWALIOR,823
JABALPUR,HUBLI,1219
JABALPUR,HYDERABAD,733
JABALPUR,IMPHAL,2270
JABALPUR,INDORE,702
JABALPUR,JABALPUR,0
JABALPUR,JAIPUR,845
JABALPUR,JAMSHEDPUR,1209
JABALPUR,JULLUNDUR,1175
JABALPUR,KANPUR,543
JABALPUR,KOLHAPUR,1250
JABALPUR,LUCKNOW,584
JABALPUR,LUDHIANA,1110
JABALPUR,MADRAS,1431
JABALPUR,MADURAI,1728
JABALPUR,MEERUT,866
JABALPUR,NAGPUR,257
JABALPUR,NASIK,943
JABALPUR,PANJIM,1088
JABALPUR,PATNA,736
JABALPUR,PONDICHERRY,1597
JABALPUR,PUNE,1003
JABALPUR,RANCHI,1038
JABALPUR,SHILLONG,1755
JABALPUR,SHIMLA,1145
JABALPUR,SURAT,1006
JABALPUR,TRIVANDRUM,1880
JABALPUR,VARANASI,858
JABALPUR,VIJAYAWADA,999
JABALPUR,VISHAKAPATNAM,1167
JAIPUR,AGARTALA,2793
JAIPUR,AGRA,230
JAIPUR,AHMEDABAD,648
JAIPUR,ALLAHABAD,710
JAIPUR,AMRITSAR,706
JAIPUR,ASANSOL,1304
JAIPUR,BANGALORE,1451
JAIPUR,BARODA,767
JAIPUR,BHOPAL,596
JAIPUR,BHUBANESHWAR,1680
JAIPUR,BOMBAY,994
JAIPUR,CALCUTTA,1527
JAIPUR,CALICUT,1826
JAIPUR,CHANDIGARH,507
JAIPUR,COCHIN,1834
JAIPUR,COIMBATORE,1784
JAIPUR,DELHI,263
JAIPUR,GWALIOR,351
JAIPUR,HUBLI,1060
JAIPUR,HYDERABAD,1326
JAIPUR,IMPHAL,2646
JAIPUR,INDORE,405
JAIPUR,JABALPUR,845
JAIPUR,JAIPUR,0
JAIPUR,JAMSHEDPUR,1384
JAIPUR,JULLUNDUR,638
JAIPUR,KANPUR,517
JAIPUR,KOLHAPUR,1275
JAIPUR,LUCKNOW,596
JAIPUR,LUDHIANA,570
JAIPUR,MADRAS,1743
JAIPUR,MADURAI,1883
JAIPUR,MEERUT,327
JAIPUR,NAGPUR,850
JAIPUR,NASIK,819
JAIPUR,PANJIM,1250
JAIPUR,PATNA,1112
JAIPUR,PONDICHERRY,1713
JAIPUR,PUNE,1028
JAIPUR,RANCHI,1240
JAIPUR,SHILLONG,2131
JAIPUR,SHIMLA,606
JAIPUR,SURAT,911
JAIPUR,TRIVANDRUM,2042
JAIPUR,VARANASI,832
JAIPUR,VIJAYAWADA,1592
JAIPUR,VISHAKAPATNAM,1760
JAMSHEDPUR,AGARTALA,2131
JAMSHEDPUR,AGRA,1157
JAMSHEDPUR,AHMEDABAD,1225
JAMSHEDPUR,ALLAHABAD,875
JAMSHEDPUR,AMRITSAR,1767
JAMSHEDPUR,ASANSOL,494
JAMSHEDPUR,BANGALORE,1682
JAMSHEDPUR,BARODA,1344
JAMSHEDPUR,BHOPAL,1452
JAMSHEDPUR,BHUBANESHWAR,422
JAMSHEDPUR,BOMBAY,1777
JAMSHEDPUR,CALCUTTA,268
JAMSHEDPUR,CALICUT,1818
JAMSHEDPUR,CHANDIGARH,1528
JAMSHEDPUR,COCHIN,2040
JAMSHEDPUR,COIMBATORE,2015
JAMSHEDPUR,DELHI,1348
JAMSHEDPUR,GWALIOR,1147
JAMSHEDPUR,HUBLI,1432
JAMSHEDPUR,HYDERABAD,1466
JAMSHEDPUR,IMPHAL,1985
JAMSHEDPUR,INDORE,1477
JAMSHEDPUR,JABALPUR,1209
JAMSHEDPUR,JAIPUR,1384
JAMSHEDPUR,JAMSHEDPUR,0
JAMSHEDPUR,JULLUNDUR,1682
JAMSHEDPUR,KANPUR,867
JAMSHEDPUR,KOLHAPUR,1496
JAMSHEDPUR,LUCKNOW,946
JAMSHEDPUR,LUDHIANA,1633
JAMSHEDPUR,MADRAS,1629
JAMSHEDPUR,MADURAI,2109
JAMSHEDPUR,MEERUT,1399
JAMSHEDPUR,NAGPUR,1102
JAMSHEDPUR,NASIK,1729
JAMSHEDPUR,PANJIM,1242
JAMSHEDPUR,PATNA,473
JAMSHEDPUR,PONDICHERRY,1795
JAMSHEDPUR,PUNE,1743
JAMSHEDPUR,RANCHI,682
JAMSHEDPUR,SHILLONG,1492
JAMSHEDPUR,SHIMLA,1605
JAMSHEDPUR,SURAT,1488
JAMSHEDPUR,TRIVANDRUM,2034
JAMSHEDPUR,VARANASI,753
JAMSHEDPUR,VIJAYAWADA,1197
JAMSHEDPUR,VISHAKAPATNAM,867
JULLUNDUR,AGARTALA,3056
JULLUNDUR,AGRA,575
JULLUNDUR,AHMEDABAD,1285
JULLUNDUR,ALLAHABAD,1008
JULLUNDUR,AMRITSAR,393
JULLUNDUR,ASANSOL,1604
JULLUNDUR,BANGALORE,2089
JULLUNDUR,BARODA,1335
JULLUNDUR,BHOPAL,1117
JULLUNDUR,BHUBANESHWAR,2088
JULLUNDUR,BOMBAY,1632
JULLUNDUR,CALCUTTA,1815
JULLUNDUR,CALICUT,2341
JULLUNDUR,CHANDIGARH,154
JULLUNDUR,COCHIN,2119
JULLUNDUR,COIMBATORE,2314
JULLUNDUR,DELHI,375
JULLUNDUR,GWALIOR,616
JULLUNDUR,HUBLI,1698
JULLUNDUR,HYDERABAD,1748
JULLUNDUR,IMPHAL,2909
JULLUNDUR,INDORE,1043
JULLUNDUR,JABALPUR,1175
JULLUNDUR,JAIPUR,638
JULLUNDUR,JAMSHEDPUR,1682
JULLUNDUR,JULLUNDUR,0
JULLUNDUR,KANPUR,815
JULLUNDUR,KOLHAPUR,1913
JULLUNDUR,LUCKNOW,868
JULLUNDUR,LUDHIANA,259
JULLUNDUR,MADRAS,2253
JULLUNDUR,MADURAI,2418
JULLUNDUR,MEERUT,441
JULLUNDUR,NAGPUR,1272
JULLUNDUR,NASIK,1457
JULLUNDUR,PANJIM,1888
JULLUNDUR,PATNA,1375
JULLUNDUR,PONDICHERRY,2085
JULLUNDUR,PUNE,1666
JULLUNDUR,RANCHI,1538
JULLUNDUR,SHILLONG,2394
JULLUNDUR,SHIMLA,253
JULLUNDUR,SURAT,1479
JULLUNDUR,TRIVANDRUM,2325
JULLUNDUR,VARANASI,1120
JULLUNDUR,VIJAYAWADA,2014
JULLUNDUR,VISHAKAPATNAM,2182
KANPUR,AGARTALA,2276
KANPUR,AGRA,290
KANPUR,AHMEDABAD,1108
KANPUR,ALLAHABAD,193
KANPUR,AMRITSAR,900
KANPUR,ASANSOL,789
KANPUR,BANGALORE,1598
KANPUR,BARODA,1068
KANPUR,BHOPAL,585
KANPUR,BHUBANESHWAR,1283
KANPUR,BOMBAY,1278
KANPUR,CALCUTTA,1010
KANPUR,CALICUT,1836
KANPUR,CHANDIGARH,661
KANPUR,COCHIN,1800
KANPUR,COIMBATORE,1680
KANPUR,DELHI,481
KANPUR,GWALIOR,280
KANPUR,HUBLI,1577
KANPUR,HYDERABAD,1253
KANPUR,IMPHAL,2129
KANPUR,INDORE,689
KANPUR,JABALPUR,543
KANPUR,JAIPUR,517
KANPUR,JAMSHEDPUR,867
KANPUR,JULLUNDUR,815
KANPUR,KANPUR,0
KANPUR,KOLHAPUR,1559
KANPUR,LUCKNOW,79
KANPUR,LUDHIANA,766
KANPUR,MADRAS,1438
KANPUR,MADURAI,1603
KANPUR,MEERUT,532
KANPUR,NAGPUR,777
KANPUR,NASIK,1103
KANPUR,PANJIM,1612
KANPUR,PATNA,595
KANPUR,PONDICHERRY,1270
KANPUR,PUNE,1312
KANPUR,RANCHI,723
KANPUR,SHILLONG,1614
KANPUR,SHIMLA,738
KANPUR,SURAT,1296
KANPUR,TRIVANDRUM,1892
KANPUR,VARANASI,315
KANPUR,VIJAYAWADA,1519
KANPUR,VISHAKAPATNAM,1687
KOLHAPUR,AGARTALA,3091
KOLHAPUR,AGRA,1461
KOLHAPUR,AHMEDABAD,911
KOLHAPUR,ALLAHABAD,1611
KOLHAPUR,AMRITSAR,1981
KOLHAPUR,ASANSOL,1454
KOLHAPUR,BANGALORE,484
KOLHAPUR,BARODA,792
KOLHAPUR,BHOPAL,1061
KOLHAPUR,BHUBANESHWAR,1622
KOLHAPUR,BOMBAY,426
KOLHAPUR,CALCUTTA,1228
KOLHAPUR,CALICUT,830
KOLHAPUR,CHANDIGARH,1782
KOLHAPUR,COCHIN,934
KOLHAPUR,COIMBATORE,817
KOLHAPUR,DELHI,1538
KOLHAPUR,GWALIOR,1347
KOLHAPUR,HUBLI,444
KOLHAPUR,HYDERABAD,578
KOLHAPUR,IMPHAL,2945
KOLHAPUR,INDORE,870
KOLHAPUR,JABALPUR,1250
KOLHAPUR,JAIPUR,1275
KOLHAPUR,JAMSHEDPUR,1496
KOLHAPUR,JULLUNDUR,1913
KOLHAPUR,KANPUR,1559
KOLHAPUR,KOLHAPUR,0
KOLHAPUR,LUCKNOW,1638
KOLHAPUR,LUDHIANA,1845
KOLHAPUR,MADRAS,815
KOLHAPUR,MADURAI,916
KOLHAPUR,MEERUT,1602
KOLHAPUR,NAGPUR,1050
KOLHAPUR,NASIK,456
KOLHAPUR,PANJIM,254
KOLHAPUR,PATNA,1849
KOLHAPUR,PONDICHERRY,812
KOLHAPUR,PUNE,247
KOLHAPUR,RANCHI,1642
KOLHAPUR,SHILLONG,1887
KOLHAPUR,SHIMLA,1881
KOLHAPUR,SURAT,659
KOLHAPUR,TRIVANDRUM,1046
KOLHAPUR,VARANASI,1706
KOLHAPUR,VIJAYAWADA,847
KOLHAPUR,VISHAKAPATNAM,1177
LUCKNOW,AGARTALA,2247
LUCKNOW,AGRA,369
LUCKNOW,AHMEDABAD,1187
LUCKNOW,ALLAHABAD,234
LUCKNOW,AMRITSAR,939
LUCKNOW,ASANSOL,825
LUCKNOW,BANGALORE,1639
LUCKNOW,BARODA,1147
LUCKNOW,BHOPAL,664
LUCKNOW,BHUBANESHWAR,1254
LUCKNOW,BOMBAY,1357
LUCKNOW,CALCUTTA,981
LUCKNOW,CALICUT,1877
LUCKNOW,CHANDIGARH,740
LUCKNOW,COCHIN,1841
LUCKNOW,COIMBATORE,1721
LUCKNOW,DELHI,499
LUCKNOW,GWALIOR,359
LUCKNOW,HUBLI,1656
LUCKNOW,HYDERABAD,1317
LUCKNOW,IMPHAL,2100
LUCKNOW,INDORE,768
LUCKNOW,JABALPUR,584
LUCKNOW,JAIPUR,596
LUCKNOW,JAMSHEDPUR,946
LUCKNOW,JULLUNDUR,868
LUCKNOW,KANPUR,79
LUCKNOW,KOLHAPUR,1638
LUCKNOW,LUCKNOW,0
LUCKNOW,LUDHIANA,803
LUCKNOW,MADRAS,1479
LUCKNOW,MADURAI,1644
LUCKNOW,MEERUT,453
LUCKNOW,NAGPUR,841
LUCKNOW,NASIK,1182
LUCKNOW,PANJIM,1653
LUCKNOW,PATNA,566
LUCKNOW,PONDICHERRY,1311
LUCKNOW,PUNE,1391
LUCKNOW,RANCHI,802
LUCKNOW,SHILLONG,1585
LUCKNOW,SHIMLA,659
LUCKNOW,SURAT,1375
LUCKNOW,TRIVANDRUM,1933
LUCKNOW,VARANASI,286
LUCKNOW,VIJAYAWADA,1583
LUCKNOW,VISHAKAPATNAM,1699
LUDHIANA,AGARTALA,2991
LUDHIANA,AGRA,510
LUDHIANA,AHMEDABAD,1218
LUDHIANA,ALLAHABAD,959
LUDHIANA,AMRITSAR,344
LUDHIANA,ASANSOL,1555
LUDHIANA,BANGALORE,2021
LUDHIANA,BARODA,1286
LUDHIANA,BHOPAL,1052
LUDHIANA,BHUBANESHWAR,2023
LUDHIANA,BOMBAY,1564
LUDHIANA,CALCUTTA,1750
LUDHIANA,CALICUT,2292
LUDHIANA,CHANDIGARH,105
LUDHIANA,COCHIN,2070
LUDHIANA,COIMBATORE,2265
LUDHIANA,DELHI,310
LUDHIANA,GWALIOR,567
LUDHIANA,HUBLI,1630
LUDHIANA,HYDERABAD,1699
LUDHIANA,IMPHAL,2844
LUDHIANA,INDORE,975
LUDHIANA,JABALPUR,1110
LUDHIANA,JAIPUR,570
LUDHIANA,JAMSHEDPUR,1633
LUDHIANA,JULLUNDUR,259
LUDHIANA,KANPUR,766
LUDHIANA,KOLHAPUR,1845
LUDHIANA,LUCKNOW,803
LUDHIANA,LUDHIANA,0
LUDHIANA,MADRAS,2204
LUDHIANA,MADURAI,2369
LUDHIANA,MEERUT,376
LUDHIANA,NAGPUR,1223
LUDHIANA,NASIK,1389
LUDHIANA,PANJIM,1820
LUDHIANA,PATNA,1310
LUDHIANA,PONDICHERRY,2036
LUDHIANA,PUNE,1598
LUDHIANA,RANCHI,1489
LUDHIANA,SHILLONG,2329
LUDHIANA,SHIMLA,204
LUDHIANA,SURAT,1430
LUDHIANA,TRIVANDRUM,2260
LUDHIANA,VARANASI,1055
LUDHIANA,VIJAYAWADA,1965
LUDHIANA,VISHAKAPATNAM,2133
MADRAS,AGARTALA,3328
MADRAS,AGRA,1728
MADRAS,AHMEDABAD,1726
MADRAS,ALLAHABAD,1245
MADRAS,AMRITSAR,2338
MADRAS,ASANSOL,1730
MADRAS,BANGALORE,331
MADRAS,BARODA,1607
MADRAS,BHOPAL,1479
MADRAS,BHUBANESHWAR,1207
MADRAS,BOMBAY,1241
MADRAS,CALCUTTA,1630
MADRAS,CALICUT,715
MADRAS,CHANDIGARH,2099
MADRAS,COCHIN,621
MADRAS,COIMBATORE,426
MADRAS,DELHI,1895
MADRAS,GWALIOR,1718
MADRAS,HUBLI,683
MADRAS,HYDERABAD,699
MADRAS,IMPHAL,3181
MADRAS,INDORE,1619
MADRAS,JABALPUR,1431
MADRAS,JAIPUR,1743
MADRAS,JAMSHEDPUR,1629
MADRAS,JULLUNDUR,2253
MADRAS,KANPUR,1438
MADRAS,KOLHAPUR,815
MADRAS,LUCKNOW,1479
MADRAS,LUDHIANA,2204
MADRAS,MADRAS,0
MADRAS,MADURAI,480
MADRAS,MEERUT,1932
MADRAS,NAGPUR,1174
MADRAS,NASIK,1271
MADRAS,PANJIM,771
MADRAS,PATNA,1647
MADRAS,PONDICHERRY,168
MADRAS,PUNE,1062
MADRAS,RANCHI,1767
MADRAS,SHILLONG,2008
MADRAS,SHIMLA,2138
MADRAS,SURAT,1474
MADRAS,TRIVANDRUM,748
MADRAS,VARANASI,1753
MADRAS,VIJAYAWADA,432
MADRAS,VISHAKAPATNAM,762
MADURAI,AGARTALA,3493
MADURAI,AGRA,1893
MADURAI,AHMEDABAD,1827
MADURAI,ALLAHABAD,1410
MADURAI,AMRITSAR,2503
MADURAI,ASANSOL,2072
MADURAI,BANGALORE,432
MADURAI,BARODA,1708
MADURAI,BHOPAL,1580
MADURAI,BHUBANESHWAR,1687
MADURAI,BOMBAY,1342
MADURAI,CALCUTTA,1846
MADURAI,CALICUT,548
MADURAI,CHANDIGARH,2264
MADURAI,COCHIN,326
MADURAI,COIMBATORE,521
MADURAI,DELHI,2060
MADURAI,GWALIOR,1883
MADURAI,HUBLI,823
MADURAI,HYDERABAD,995
MADURAI,IMPHAL,3346
MADURAI,INDORE,1771
MADURAI,JABALPUR,1728
MADURAI,JAIPUR,1883
MADURAI,JAMSHEDPUR,2109
MADURAI,JULLUNDUR,2418
MADURAI,KANPUR,1603
MADURAI,KOLHAPUR,916
MADURAI,LUCKNOW,1644
MADURAI,LUDHIANA,2369
MADURAI,MADRAS,480
MADURAI,MADURAI,0
MADURAI,MEERUT,2097
MADURAI,NAGPUR,1471
MADURAI,NASIK,1372
MADURAI,PANJIM,872
MADURAI,PATNA,1812
MADURAI,PONDICHERRY,333
MADURAI,PUNE,1163
MADURAI,RANCHI,2114
MADURAI,SHILLONG,2304
MADURAI,SHIMLA,2303
MADURAI,SURAT,1575
MADURAI,TRIVANDRUM,544
MADURAI,VARANASI,1918
MADURAI,VIJAYAWADA,912
MADURAI,VISHAKAPATNAM,1242
MEERUT,AGARTALA,2615
MEERUT,AGRA,266
MEERUT,AHMEDABAD,975
MEERUT,ALLAHABAD,687
MEERUT,AMRITSAR,511
MEERUT,ASANSOL,1278
MEERUT,BANGALORE,1778
MEERUT,BARODA,1094
MEERUT,BHOPAL,808
MEERUT,BHUBANESHWAR,1707
MEERUT,BOMBAY,1321
MEERUT,CALCUTTA,1434
MEERUT,CALICUT,2153
MEERUT,CHANDIGARH,314
MEERUT,COCHIN,2161
MEERUT,COIMBATORE,2111
MEERUT,DELHI,66
MEERUT,GWALIOR,381
MEERUT,HUBLI,1387
MEERUT,HYDERABAD,1470
MEERUT,IMPHAL,2468
MEERUT,INDORE,732
MEERUT,JABALPUR,866
MEERUT,JAIPUR,327
MEERUT,JAMSHEDPUR,1399
MEERUT,JULLUNDUR,441
MEERUT,KANPUR,532
MEERUT,KOLHAPUR,1602
MEERUT,LUCKNOW,453
MEERUT,LUDHIANA,376
MEERUT,MADRAS,1932
MEERUT,MADURAI,2097
MEERUT,MEERUT,0
MEERUT,NAGPUR,994
MEERUT,NASIK,1146
MEERUT,PANJIM,1577
MEERUT,PATNA,934
MEERUT,PONDICHERRY,1764
MEERUT,PUNE,1355
MEERUT,RANCHI,1236
MEERUT,SHILLONG,1953
MEERUT,SHIMLA,413
MEERUT,SURAT,1238
MEERUT,TRIVANDRUM,2016
MEERUT,VARANASI,739
MEERUT,VIJAYAWADA,1736
MEERUT,VISHAKAPATNAM,1904
NAGPUR,AGARTALA,2674
NAGPUR,AGRA,770
NAGPUR,AHMEDABAD,875
NAGPUR,ALLAHABAD,608
NAGPUR,AMRITSAR,1357
NAGPUR,ASANSOL,1122
NAGPUR,BANGALORE,1039
NAGPUR,BARODA,774
NAGPUR,BHOPAL,352
NAGPUR,BHUBANESHWAR,830
NAGPUR,BOMBAY,849
NAGPUR,CALCUTTA,1163
NAGPUR,CALICUT,1386
NAGPUR,CHANDIGARH,1118
NAGPUR,COCHIN,1551
NAGPUR,COIMBATORE,1372
NAGPUR,DELHI,970
NAGPUR,GWALIOR,656
NAGPUR,HUBLI,962
NAGPUR,HYDERABAD,476
NAGPUR,IMPHAL,2527
NAGPUR,INDORE,445
NAGPUR,JABALPUR,257
NAGPUR,JAIPUR,850
NAGPUR,JAMSHEDPUR,1102
NAGPUR,JULLUNDUR,1272
NAGPUR,KANPUR,777
NAGPUR,KOLHAPUR,1050
NAGPUR,LUCKNOW,841
NAGPUR,LUDHIANA,1223
NAGPUR,MADRAS,1174
NAGPUR,MADURAI,1471
NAGPUR,MEERUT,994
NAGPUR,NAGPUR,0
NAGPUR,NASIK,700
NAGPUR,PANJIM,1152
NAGPUR,PATNA,993
NAGPUR,PONDICHERRY,1340
NAGPUR,PUNE,909
NAGPUR,RANCHI,958
NAGPUR,SHILLONG,1785
NAGPUR,SHIMLA,1217
NAGPUR,SURAT,749
NAGPUR,TRIVANDRUM,1735
NAGPUR,VARANASI,713
NAGPUR,VIJAYAWADA,742
NAGPUR,VISHAKAPATNAM,910
NASIK,AGARTALA,3238
NASIK,AGRA,1005
NASIK,AHMEDABAD,504
NASIK,ALLAHABAD,1155
NASIK,AMRITSAR,1525
NASIK,ASANSOL,1746
NASIK,BANGALORE,940
NASIK,BARODA,457
NASIK,BHOPAL,605
NASIK,BHUBANESHWAR,1516
NASIK,BOMBAY,197
NASIK,CALCUTTA,1675
NASIK,CALICUT,1193
NASIK,CHANDIGARH,1326
NASIK,COCHIN,1390
NASIK,COIMBATORE,1214
NASIK,DELHI,1082
NASIK,GWALIOR,891
NASIK,HUBLI,646
NASIK,HYDERABAD,754
NASIK,IMPHAL,3091
NASIK,INDORE,414
NASIK,JABALPUR,943
NASIK,JAIPUR,819
NASIK,JAMSHEDPUR,1729
NASIK,JULLUNDUR,1457
NASIK,KANPUR,1103
NASIK,KOLHAPUR,456
NASIK,LUCKNOW,1182
NASIK,LUDHIANA,1389
NASIK,MADRAS,1271
NASIK,MADURAI,1372
NASIK,MEERUT,1146
NASIK,NAGPUR,700
NASIK,NASIK,0
NASIK,PANJIM,701
NASIK,PATNA,1557
NASIK,PONDICHERRY,1268
NASIK,PUNE,209
NASIK,RANCHI,1615
NASIK,SHILLONG,2063
NASIK,SHIMLA,1425
NASIK,SURAT,262
NASIK,TRIVANDRUM,1493
NASIK,VARANASI,1339
NASIK,VIJAYAWADA,1023
NASIK,VISHAKAPATNAM,1353
PANJIM,AGARTALA,2837
PANJIM,AGRA,1480
PANJIM,AHMEDABAD,1136
PANJIM,ALLAHABAD,1419
PANJIM,AMRITSAR,1956
PANJIM,ASANSOL,1200
PANJIM,BANGALORE,440
PANJIM,BARODA,1017
PANJIM,BHOPAL,1143
PANJIM,BHUBANESHWAR,1397
PANJIM,BOMBAY,584
PANJIM,CALCUTTA,974
PANJIM,CALICUT,576
PANJIM,CHANDIGARH,1757
PANJIM,COCHIN,798
PANJIM,COIMBATORE,773
PANJIM,DELHI,1513
PANJIM,GWALIOR,1467
PANJIM,HUBLI,190
PANJIM,HYDERABAD,676
PANJIM,IMPHAL,2691
PANJIM,INDORE,1115
PANJIM,JABALPUR,1088
PANJIM,JAIPUR,1250
PANJIM,JAMSHEDPUR,1242
PANJIM,JULLUNDUR,1888
PANJIM,KANPUR,1612
PANJIM,KOLHAPUR,254
PANJIM,LUCKNOW,1653
PANJIM,LUDHIANA,1820
PANJIM,MADRAS,771
PANJIM,MADURAI,872
PANJIM,MEERUT,1577
PANJIM,NAGPUR,1152
PANJIM,NASIK,701
PANJIM,PANJIM,0
PANJIM,PATNA,1595
PANJIM,PONDICHERRY,739
PANJIM,PUNE,501
PANJIM,RANCHI,1388
PANJIM,SHILLONG,1985
PANJIM,SHIMLA,1856
PANJIM,SURAT,885
PANJIM,TRIVANDRUM,792
PANJIM,VARANASI,1524
PANJIM,VIJAYAWADA,876
PANJIM,VISHAKAPATNAM,1206
PATNA,AGARTALA,1681
PATNA,AGRA,885
PATNA,AHMEDABAD,1539
PATNA,ALLAHABAD,402
PATNA,AMRITSAR,1445
PATNA,ASANSOL,395
PATNA,BANGALORE,1807
PATNA,BARODA,1582
PATNA,BHOPAL,1016
PATNA,BHUBANESHWAR,862
PATNA,BOMBAY,1754
PATNA,CALCUTTA,621
PATNA,CALICUT,2045
PATNA,CHANDIGARH,1248
PATNA,COCHIN,2009
PATNA,COIMBATORE,1889
PATNA,DELHI,1000
PATNA,GWALIOR,809
PATNA,HUBLI,1785
PATNA,HYDERABAD,1469
PATNA,IMPHAL,1534
PATNA,INDORE,1205
PATNA,JABALPUR,736
PATNA,JAIPUR,1112
PATNA,JAMSHEDPUR,473
PATNA,JULLUNDUR,1375
PATNA,KANPUR,595
PATNA,KOLHAPUR,1849
PATNA,LUCKNOW,566
PATNA,LUDHIANA,1310
PATNA,MADRAS,1647
PATNA,MADURAI,1812
PATNA,MEERUT,934
PATNA,NAGPUR,993
PATNA,NASIK,1557
PATNA,PANJIM,1595
PATNA,PATNA,0
PATNA,PONDICHERRY,1479
PATNA,PUNE,1738
PATNA,RANCHI,302
PATNA,SHILLONG,1019
PATNA,SHIMLA,1225
PATNA,SURAT,1742
PATNA,TRIVANDRUM,2101
PATNA,VARANASI,280
PATNA,VIJAYAWADA,1637
PATNA,VISHAKAPATNAM,1307
PONDICHERRY,AGARTALA,3160
PONDICHERRY,AGRA,1560
PONDICHERRY,AHMEDABAD,1723
PONDICHERRY,ALLAHABAD,1077
PONDICHERRY,AMRITSAR,2170
PONDICHERRY,ASANSOL,1874
PONDICHERRY,BANGALORE,328
PONDICHERRY,BARODA,1604
PONDICHERRY,BHOPAL,1476
PONDICHERRY,BHUBANESHWAR,1373
PONDICHERRY,BOMBAY,1238
PONDICHERRY,CALCUTTA,1713
PONDICHERRY,CALICUT,566
PONDICHERRY,CHANDIGARH,1931
PONDICHERRY,COCHIN,530
PONDICHERRY,COIMBATORE,410
PONDICHERRY,DELHI,1727
PONDICHERRY,GWALIOR,1550
PONDICHERRY,HUBLI,653
PONDICHERRY,HYDERABAD,867
PONDICHERRY,IMPHAL,3013
PONDICHERRY,INDORE,1667
PONDICHERRY,JABALPUR,1597
PONDICHERRY,JAIPUR,1713
PONDICHERRY,JAMSHEDPUR,1795
PONDICHERRY,JULLUNDUR,2085
PONDICHERRY,KANPUR,1270
PONDICHERRY,KOLHAPUR,812
PONDICHERRY,LUCKNOW,1311
PONDICHERRY,LUDHIANA,2036
PONDICHERRY,MADRAS,168
PONDICHERRY,MADURAI,333
PONDICHERRY,MEERUT,1764
PONDICHERRY,NAGPUR,1340
PONDICHERRY,NASIK,1268
PONDICHERRY,PANJIM,739
PONDICHERRY,PATNA,1479
PONDICHERRY,PONDICHERRY,0
PONDICHERRY,PUNE,1059
PONDICHERRY,RANCHI,1781
PONDICHERRY,SHILLONG,2176
PONDICHERRY,SHIMLA,1970
PONDICHERRY,SURAT,1471
PONDICHERRY,TRIVANDRUM,622
PONDICHERRY,VARANASI,1585
PONDICHERRY,VIJAYAWADA,598
PONDICHERRY,VISHAKAPATNAM,930
PUNE,AGARTALA,3338
PUNE,AGRA,1214
PUNE,AHMEDABAD,664
PUNE,ALLAHABAD,1364
PUNE,AMRITSAR,1734
PUNE,ASANSOL,1701
PUNE,BANGALORE,731
PUNE,BARODA,545
PUNE,BHOPAL,814
PUNE,BHUBANESHWAR,1587
PUNE,BOMBAY,184
PUNE,CALCUTTA,1475
PUNE,CALICUT,984
PUNE,CHANDIGARH,1535
PUNE,COCHIN,1181
PUNE,COIMBATORE,1005
PUNE,DELHI,1291
PUNE,GWALIOR,1100
PUNE,HUBLI,437
PUNE,HYDERABAD,545
PUNE,IMPHAL,3192
PUNE,INDORE,623
PUNE,JABALPUR,1003
PUNE,JAIPUR,1028
PUNE,JAMSHEDPUR,1743
PUNE,JULLUNDUR,1666
PUNE,KANPUR,1312
PUNE,KOLHAPUR,247
PUNE,LUCKNOW,1391
PUNE,LUDHIANA,1598
PUNE,MADRAS,1062
PUNE,MADURAI,1163
PUNE,MEERUT,1355
PUNE,NAGPUR,909
PUNE,NASIK,209
PUNE,PANJIM,501
PUNE,PATNA,1738
PUNE,PONDICHERRY,1059
PUNE,PUNE,0
PUNE,RANCHI,1675
PUNE,SHILLONG,1854
PUNE,SHIMLA,1634
PUNE,SURAT,412
PUNE,TRIVANDRUM,1293
PUNE,VARANASI,1459
PUNE,VIJAYAWADA,814
PUNE,VISHAKAPATNAM,1144
RANCHI,AGARTALA,1983
RANCHI,AGRA,1013
RANCHI,AHMEDABAD,1775
RANCHI,ALLAHABAD,704
RANCHI,AMRITSAR,1623
RANCHI,ASANSOL,640
RANCHI,BANGALORE,1828
RANCHI,BARODA,1712
RANCHI,BHOPAL,1308
RANCHI,BHUBANESHWAR,560
RANCHI,BOMBAY,1807
RANCHI,CALCUTTA,414
RANCHI,CALICUT,1964
RANCHI,CHANDIGARH,1384
RANCHI,COCHIN,2186
RANCHI,COIMBATORE,2161
RANCHI,DELHI,1204
RANCHI,GWALIOR,1003
RANCHI,HUBLI,1578
RANCHI,HYDERABAD,1434
RANCHI,IMPHAL,1836
RANCHI,INDORE,1333
RANCHI,JABALPUR,1038
RANCHI,JAIPUR,1240
RANCHI,JAMSHEDPUR,682
RANCHI,JULLUNDUR,1538
RANCHI,KANPUR,723
RANCHI,KOLHAPUR,1642
RANCHI,LUCKNOW,802
RANCHI,LUDHIANA,1489
RANCHI,MADRAS,1767
RANCHI,MADURAI,2114
RANCHI,MEERUT,1236
RANCHI,NAGPUR,958
RANCHI,NASIK,1615
RANCHI,PANJIM,1388
RANCHI,PATNA,302
RANCHI,PONDICHERRY,1781
RANCHI,PUNE,1675
RANCHI,RANCHI,0
RANCHI,SHILLONG,1321
RANCHI,SHIMLA,1461
RANCHI,SURAT,1707
RANCHI,TRIVANDRUM,2180
RANCHI,VARANASI,582
RANCHI,VIJAYAWADA,1335
RANCHI,VISHAKAPATNAM,1005
SHILLONG,AGARTALA,2700
SHILLONG,AGRA,1904
SHILLONG,AHMEDABAD,2518
SHILLONG,ALLAHABAD,1421
SHILLONG,AMRITSAR,2464
SHILLONG,ASANSOL,1414
SHILLONG,BANGALORE,1872
SHILLONG,BARODA,2399
SHILLONG,BHOPAL,2035
SHILLONG,BHUBANESHWAR,1640
SHILLONG,BOMBAY,2038
SHILLONG,CALCUTTA,1281
SHILLONG,CALICUT,2219
SHILLONG,CHANDIGARH,2267
SHILLONG,COCHIN,2384
SHILLONG,COIMBATORE,2205
SHILLONG,DELHI,2019
SHILLONG,GWALIOR,1828
SHILLONG,HUBLI,1795
SHILLONG,HYDERABAD,1309
SHILLONG,IMPHAL,2553
SHILLONG,INDORE,2224
SHILLONG,JABALPUR,1755
SHILLONG,JAIPUR,2131
SHILLONG,JAMSHEDPUR,1492
SHILLONG,JULLUNDUR,2394
SHILLONG,KANPUR,1614
SHILLONG,KOLHAPUR,1887
SHILLONG,LUCKNOW,1585
SHILLONG,LUDHIANA,2329
SHILLONG,MADRAS,2008
SHILLONG,MADURAI,2304
SHILLONG,MEERUT,1953
SHILLONG,NAGPUR,1785
SHILLONG,NASIK,2063
SHILLONG,PANJIM,1985
SHILLONG,PATNA,1019
SHILLONG,PONDICHERRY,2176
SHILLONG,PUNE,1854
SHILLONG,RANCHI,1321
SHILLONG,SHILLONG,0
SHILLONG,SHIMLA,2244
SHILLONG,SURAT,2266
SHILLONG,TRIVANDRUM,2568
SHILLONG,VARANASI,1299
SHILLONG,VIJAYAWADA,1578
SHILLONG,VISHAKAPATNAM,1908
SHIMLA,AGARTALA,2906
SHIMLA,AGRA,547
SHIMLA,AHMEDABAD,1254
SHIMLA,ALLAHABAD,893
SHIMLA,AMRITSAR,338
SHIMLA,ASANSOL,1484
SHIMLA,BANGALORE,2057
SHIMLA,BARODA,1280
SHIMLA,BHOPAL,1087
SHIMLA,BHUBANESHWAR,1913
SHIMLA,BOMBAY,1600
SHIMLA,CALCUTTA,1640
SHIMLA,CALICUT,2286
SHIMLA,CHANDIGARH,99
SHIMLA,COCHIN,2064
SHIMLA,COIMBATORE,2259
SHIMLA,DELHI,347
SHIMLA,GWALIOR,561
SHIMLA,HUBLI,1666
SHIMLA,HYDERABAD,1693
SHIMLA,IMPHAL,2759
SHIMLA,INDORE,1011
SHIMLA,JABALPUR,1145
SHIMLA,JAIPUR,606
SHIMLA,JAMSHEDPUR,1605
SHIMLA,JULLUNDUR,253
SHIMLA,KANPUR,738
SHIMLA,KOLHAPUR,1881
SHIMLA,LUCKNOW,659
SHIMLA,LUDHIANA,204
SHIMLA,MADRAS,2138
SHIMLA,MADURAI,2303
SHIMLA,MEERUT,413
SHIMLA,NAGPUR,1217
SHIMLA,NASIK,1425
SHIMLA,PANJIM,1856
SHIMLA,PATNA,1225
SHIMLA,PONDICHERRY,1970
SHIMLA,PUNE,1634
SHIMLA,RANCHI,1461
SHIMLA,SHILLONG,2244
SHIMLA,SHIMLA,0
SHIMLA,SURAT,1424
SHIMLA,TRIVANDRUM,2282
SHIMLA,VARANASI,945
SHIMLA,VIJAYAWADA,1959
SHIMLA,VISHAKAPATNAM,2127
SURAT,AGARTALA,3423
SURAT,AGRA,1141
SURAT,AHMEDABAD,263
SURAT,ALLAHABAD,1357
SURAT,AMRITSAR,1564
SURAT,ASANSOL,1871
SURAT,BANGALORE,1143
SURAT,BARODA,382
SURAT,BHOPAL,786
SURAT,BHUBANESHWAR,1579
SURAT,BOMBAY,301
SURAT,CALCUTTA,1756
SURAT,CALICUT,1396
SURAT,CHANDIGARH,1325
SURAT,COCHIN,1593
SURAT,COIMBATORE,1417
SURAT,DELHI,1174
SURAT,GWALIOR,1104
SURAT,HUBLI,849
SURAT,HYDERABAD,957
SURAT,IMPHAL,3276
SURAT,INDORE,607
SURAT,JABALPUR,1006
SURAT,JAIPUR,911
SURAT,JAMSHEDPUR,1488
SURAT,JULLUNDUR,1479
SURAT,KANPUR,1296
SURAT,KOLHAPUR,659
SURAT,LUCKNOW,1375
SURAT,LUDHIANA,1430
SURAT,MADRAS,1474
SURAT,MADURAI,1575
SURAT,MEERUT,1238
SURAT,NAGPUR,749
SURAT,NASIK,262
SURAT,PANJIM,885
SURAT,PATNA,1742
SURAT,PONDICHERRY,1471
SURAT,PUNE,412
SURAT,RANCHI,1707
SURAT,SHILLONG,2266
SURAT,SHIMLA,1424
SURAT,SURAT,0
SURAT,TRIVANDRUM,1677
SURAT,VARANASI,1462
SURAT,VIJAYAWADA,1226
SURAT,VISHAKAPATNAM,1556
TRIVANDRUM,AGARTALA,3629
TRIVANDRUM,AGRA,2150
TRIVANDRUM,AHMEDABAD,1928
TRIVANDRUM,ALLAHABAD,1699
TRIVANDRUM,AMRITSAR,2395
TRIVANDRUM,ASANSOL,1992
TRIVANDRUM,BANGALORE,696
TRIVANDRUM,BARODA,1809
TRIVANDRUM,BHOPAL,1844
TRIVANDRUM,BHUBANESHWAR,1953
TRIVANDRUM,BOMBAY,1376
TRIVANDRUM,CALCUTTA,1766
TRIVANDRUM,CALICUT,440
TRIVANDRUM,CHANDIGARH,2183
TRIVANDRUM,COCHIN,218
TRIVANDRUM,COIMBATORE,413
TRIVANDRUM,DELHI,1950
TRIVANDRUM,GWALIOR,2099
TRIVANDRUM,HUBLI,982
TRIVANDRUM,HYDERABAD,1259
TRIVANDRUM,IMPHAL,3483
TRIVANDRUM,INDORE,1907
TRIVANDRUM,JABALPUR,1880
TRIVANDRUM,JAIPUR,2042
TRIVANDRUM,JAMSHEDPUR,2034
TRIVANDRUM,JULLUNDUR,2325
TRIVANDRUM,KANPUR,1892
TRIVANDRUM,KOLHAPUR,1046
TRIVANDRUM,LUCKNOW,1933
TRIVANDRUM,LUDHIANA,2260
TRIVANDRUM,MADRAS,748
TRIVANDRUM,MADURAI,544
TRIVANDRUM,MEERUT,2016
TRIVANDRUM,NAGPUR,1735
TRIVANDRUM,NASIK,1493
TRIVANDRUM,PANJIM,792
TRIVANDRUM,PATNA,2101
TRIVANDRUM,PONDICHERRY,622
TRIVANDRUM,PUNE,1293
TRIVANDRUM,RANCHI,2180
TRIVANDRUM,SHILLONG,2568
TRIVANDRUM,SHIMLA,2282
TRIVANDRUM,SURAT,1677
TRIVANDRUM,TRIVANDRUM,0
TRIVANDRUM,VARANASI,2207
TRIVANDRUM,VIJAYAWADA,1180
TRIVANDRUM,VISHAKAPATNAM,1510
VARANASI,AGARTALA,1961
VARANASI,AGRA,605
VARANASI,AHMEDABAD,1367
VARANASI,ALLAHABAD,508
VARANASI,AMRITSAR,1190
VARANASI,ASANSOL,675
VARANASI,BANGALORE,1752
VARANASI,BARODA,1304
VARANASI,BHOPAL,900
VARANASI,BHUBANESHWAR,968
VARANASI,BOMBAY,1514
VARANASI,CALCUTTA,695
VARANASI,CALICUT,2099
VARANASI,CHANDIGARH,976
VARANASI,COCHIN,2115
VARANASI,COIMBATORE,1995
VARANASI,DELHI,745
VARANASI,GWALIOR,595
VARANASI,HUBLI,1675
VARANASI,HYDERABAD,1189
VARANASI,IMPHAL,1814
VARANASI,INDORE,925
VARANASI,JABALPUR,858
VARANASI,JAIPUR,832
VARANASI,JAMSHEDPUR,753
VARANASI,JULLUNDUR,1120
VARANASI,KANPUR,315
VARANASI,KOLHAPUR,1706
VARANASI,LUCKNOW,286
VARANASI,LUDHIANA,1055
VARANASI,MADRAS,1753
VARANASI,MADURAI,1918
VARANASI,MEERUT,739
VARANASI,NAGPUR,713
VARANASI,NASIK,1339
VARANASI,PANJIM,1524
VARANASI,PATNA,280
VARANASI,PONDICHERRY,1585
VARANASI,PUNE,1459
VARANASI,RANCHI,582
VARANASI,SHILLONG,1299
VARANASI,SHIMLA,945
VARANASI,SURAT,1462
VARANASI,TRIVANDRUM,2207
VARANASI,VARANASI,0
VARANASI,VIJAYAWADA,1455
VARANASI,VISHAKAPATNAM,1413
VIJAYAWADA,AGARTALA,3061
VIJAYAWADA,AGRA,1512
VIJAYAWADA,AHMEDABAD,1478
VIJAYAWADA,ALLAHABAD,1350
VIJAYAWADA,AMRITSAR,2099
VIJAYAWADA,ASANSOL,1298
VIJAYAWADA,BANGALORE,637
VIJAYAWADA,BARODA,1359
VIJAYAWADA,BHOPAL,1077
VIJAYAWADA,BHUBANESHWAR,775
VIJAYAWADA,BOMBAY,973
VIJAYAWADA,CALCUTTA,1198
VIJAYAWADA,CALICUT,1147
VIJAYAWADA,CHANDIGARH,1860
VIJAYAWADA,COCHIN,1053
VIJAYAWADA,COIMBATORE,858
VIJAYAWADA,DELHI,1712
VIJAYAWADA,GWALIOR,1398
VIJAYAWADA,HUBLI,755
VIJAYAWADA,HYDERABAD,269
VIJAYAWADA,IMPHAL,2914
VIJAYAWADA,INDORE,1187
VIJAYAWADA,JABALPUR,999
VIJAYAWADA,JAIPUR,1592
VIJAYAWADA,JAMSHEDPUR,1197
VIJAYAWADA,JULLUNDUR,2014
VIJAYAWADA,KANPUR,1519
VIJAYAWADA,KOLHAPUR,847
VIJAYAWADA,LUCKNOW,1583
VIJAYAWADA,LUDHIANA,1965
VIJAYAWADA,MADRAS,432
VIJAYAWADA,MADURAI,912
VIJAYAWADA,MEERUT,1736
VIJAYAWADA,NAGPUR,742
VIJAYAWADA,NASIK,1023
VIJAYAWADA,PANJIM,876
VIJAYAWADA,PATNA,1637
VIJAYAWADA,PONDICHERRY,598
VIJAYAWADA,PUNE,814
VIJAYAWADA,RANCHI,1335
VIJAYAWADA,SHILLONG,1578
VIJAYAWADA,SHIMLA,1959
VIJAYAWADA,SURAT,1226
VIJAYAWADA,TRIVANDRUM,1180
VIJAYAWADA,VARANASI,1455
VIJAYAWADA,VIJAYAWADA,0
VIJAYAWADA,VISHAKAPATNAM,868
VISHAKAPATNAM,AGARTALA,2731
VISHAKAPATNAM,AGRA,1680
VISHAKAPATNAM,AHMEDABAD,1785
VISHAKAPATNAM,ALLAHABAD,1518
VISHAKAPATNAM,AMRITSAR,2267
VISHAKAPATNAM,ASANSOL,968
VISHAKAPATNAM,BANGALORE,1093
VISHAKAPATNAM,BARODA,1684
VISHAKAPATNAM,BHOPAL,1262
VISHAKAPATNAM,BHUBANESHWAR,445
VISHAKAPATNAM,BOMBAY,1328
VISHAKAPATNAM,CALCUTTA,868
VISHAKAPATNAM,CALICUT,1477
VISHAKAPATNAM,CHANDIGARH,2028
VISHAKAPATNAM,COCHIN,1383
VISHAKAPATNAM,COIMBATORE,1188
VISHAKAPATNAM,DELHI,1880
VISHAKAPATNAM,GWALIOR,1566
VISHAKAPATNAM,HUBLI,1085
VISHAKAPATNAM,HYDERABAD,599
VISHAKAPATNAM,IMPHAL,2584
VISHAKAPATNAM,INDORE,1355
VISHAKAPATNAM,JABALPUR,1167
VISHAKAPATNAM,JAIPUR,1760
VISHAKAPATNAM,JAMSHEDPUR,867
VISHAKAPATNAM,JULLUNDUR,2182
VISHAKAPATNAM,KANPUR,1687
VISHAKAPATNAM,KOLHAPUR,1177
VISHAKAPATNAM,LUCKNOW,1699
VISHAKAPATNAM,LUDHIANA,2133
VISHAKAPATNAM,MADRAS,762
VISHAKAPATNAM,MADURAI,1242
VISHAKAPATNAM,MEERUT,1904
VISHAKAPATNAM,NAGPUR,910
VISHAKAPATNAM,NASIK,1353
VISHAKAPATNAM,PANJIM,1206
VISHAKAPATNAM,PATNA,1307
VISHAKAPATNAM,PONDICHERRY,930
VISHAKAPATNAM,PUNE,1144
VISHAKAPATNAM,RANCHI,1005
VISHAKAPATNAM,SHILLONG,1908
VISHAKAPATNAM,SHIMLA,2127
VISHAKAPATNAM,SURAT,1556
VISHAKAPATNAM,TRIVANDRUM,1510
VISHAKAPATNAM,VARANASI,1413
VISHAKAPATNAM,VIJAYAWADA,868
VISHAKAPATNAM,VISHAKAPATNAM,0
